Linki,tytuly
1,bad news update,https://www.twitch.tv/wolfabelle/clip/SwissOilyEggWTRuck-PF2MSmRz5ILEe5-N
2,xqcl,https://www.twitch.tv/xqc/clip/ArtisticBovineBeefCharlietheUnicorn-NOMtsoKAXr5v9I3u
3,hasan causes a break up,https://www.twitch.tv/hasanabi/clip/NeighborlyTacitMangetoutFutureMan-di9JtjRQkTMKfB2k
4,green gob,https://www.twitch.tv/xqc/clip/SteamyEvilPangolinBudBlast-lZzvJvrwWLlRaNBY
5,OBAMNA LULW,https://www.twitch.tv/xqc/clip/CredulousSmokyReindeerAMPEnergy-nhyNyezpcHDAgudU
6,XQC FINALLY GETS IT OFF HIS CHEST,https://www.twitch.tv/xqc/clip/ProductiveEsteemedShrewCeilingCat-pZHbKvWYes7CXcc0
7,Soda & Greek haven't talked,https://www.twitch.tv/dkane/clip/SullenClearNuggetsCharlietheUnicorn-Kr0Z9O8LQerz9Mzy
8,okey,https://www.twitch.tv/forsen/clip/BoredSaltyGorillaHeyGirl-Vz4cFFQ26GL3KHsX
9,CLM,https://www.twitch.tv/zoil/clip/TawdryCalmPenguinRitzMitz-pTqa-im5Rr7WqVvp
10,talking about viewers,https://www.twitch.tv/dkane/clip/ImportantFlirtySkunkTakeNRG-FjW-GErgPZhHY_S-
11,Whaaat?,https://www.twitch.tv/mhyochi/clip/AntediluvianBlitheTruffleAMPEnergy-rdHJ4yRYSbTyVTum
12,albert einstein and zinedine zidane enjoying their time,https://www.twitch.tv/botezlive/clip/BombasticSnappyOtterSoonerLater-WveTbufn0QwYgm3v
13,PepeLaugh,https://www.twitch.tv/nmplol/clip/SmilingBenevolentOrangeDxCat-bXlGa8ZQwZKxtWCe
14,My hands are so tired... ðŸ’¥,https://www.twitch.tv/meowko/clip/HedonisticOptimisticStrawberryBudStar-WQLh2EngBAQkvAb8
15,"some people, geez",https://www.twitch.tv/reydempto/clip/EnchantingKitschyTireFUNgineer-TM99gOkk4WKvRTo9
16,The Two Time Champ has his own side mission in NBA 2K23,https://www.twitch.tv/zoil/clip/FrozenSparklingStinkbugAMPEnergy-AlRnxo-P_YGD1sVt
17,Critically acclaimed Hunger Games actor furious after being passed over TV role,https://www.twitch.tv/moistcr1tikal/clip/BovineHeadstrongRedpandaRalpherZ-gae256iNNCE-IUqP
18,nmpL,https://www.twitch.tv/xqc/clip/YawningBelovedSowAliens-vyKLQ9-LUzBAraGt
19,got piped,https://www.twitch.tv/pokelawls/clip/SecretiveShortLadiesPhilosoraptor-ecLQFe00LgmGG7yt
20,Who are you?,https://www.twitch.tv/hasanabi/clip/IronicSteamyShallotDoritosChip-moB1KV84jmsMlk4i
